name,type,name:en,WKT
Библиотека Феткин,library,Fetkin Library,POINT (22.0124363 41.4340077)
Државен архив на Северна Македонија,library,State Archives of North Macedonia,POINT (21.4343486 41.9968185)
Григор Прличев,library,Grigor Prlichev,POINT (20.8006399 41.1126552)
Градска Библиотека Илинден,library,City Library Ilinden,POINT (22.772984 41.9663875)
Германска читалница,library,German Reading Room,POINT (21.4393671 41.9981313)
Американско катче Македонија,library,American Corner Macedonia,POINT (21.4397823 41.9980573)
Библиотека „Браќа Миладиновци“ - Карпош,library,"Library ""Miladinovci Brothers"" - Karposh",POINT (21.4120526 42.0027424)
Илјада книги,library,1000 Books,POINT (21.4354639 41.9946963)
Манастир Св. Андреј,place_of_worship,Monastery St. Andrej,POINT (21.2991931 41.9505936)
Св. Атанас,place_of_worship,St. Atanas,POINT (21.2983618 42.0598924)
Црква Света Петка,place_of_worship,Saint Petka Church,POINT (20.7415162 40.9131005)
Св. Илија,place_of_worship,St. Ilija,POINT (21.2958493 42.0604971)
Св. Георгиј,place_of_worship,St. George,POINT (21.3208996 41.0108476)
Св. Петка,place_of_worship,St. Parascheva,POINT (21.6070578 41.3643261)
Црква Свете Недеље,place_of_worship,St. Nedelja Church,POINT (20.7434407 42.2094939)
Св. Троица,place_of_worship,St. Trinity,POINT (21.3415263 41.006774)
Манастир Светих Архангела,place_of_worship,Monastery of the Holy Archangels,POINT (20.7635145 42.2005793)
Црква Успења Пресвете Богородице,place_of_worship,Church of the Assumption of the Blessed Virgin Mary,POINT (20.8935679 42.2903775)
Манастир Кориша,place_of_worship,Korisha Monastery,POINT (20.7997418 42.2511101)
Св. Благовештение,place_of_worship,Holy Annunciation,POINT (20.8033957 41.05924)
Лихнид,archaeological_site,Lychnidos,POINT (20.7914836 41.1155576)
Влез на Скопското кале,archaeological_site,Skopje Fortress Gate,POINT (21.4338778 42.0008716)
Давина Кула,archaeological_site,Davina Kula,POINT (21.3548716 42.0843452)
Голема Кула - Кучково,archaeological_site,Big Tower Kuchkovo,POINT (21.2786993 42.0587494)
Мала Кула - Кучково,archaeological_site,Little Tower Kuchkovo,POINT (21.2844339 42.0585741)
Калата,archaeological_site,Kalata,POINT (22.5905605 41.9856377)
Кале,archaeological_site,Kale,POINT (20.9282003 41.0043725)
Голема Пеш,archaeological_site,Golema Pesht,POINT (21.1617392 41.8117124)
Цоцев Камен,archaeological_site,Cocev Kamen,POINT (21.9862589 42.0836218)
Мачка камен,archaeological_site,Macka kamen,POINT (21.9627449 42.0853984)
Бањичко Кале,archaeological_site,Banjica Fortress,POINT (21.628172 41.6952366)
Китино Кале,archaeological_site,Kita Castle,POINT (20.9663459 41.5130946)
Резиденцијата Главинов,archaeological_site,Residence Glavinov,POINT (21.4422187 41.958616)
Долна Порта,archaeological_site,Lower Gate,POINT (20.7977703 41.1124606)
Горна Порта,archaeological_site,Upper Gate,POINT (20.7949057 41.1150206)
Градот,archaeological_site,Gradot,POINT (21.7169604 41.2058438)
Филип II Македонски,memorial,Philip II of Macedon,POINT (21.4349949 41.9984602)
Св. Климент Охридски,memorial,Clement of Ohrid,POINT (21.4254968 41.9983057)
Битката на Ѓурѓејца,memorial,Battle of Gjurgjejca,POINT (20.9658462 41.4528994)
Ножот,memorial,The Knife,POINT (21.7629669 41.4293251)
Стефан Наумов-Стив,memorial,Stefan Naumov-Stiv,POINT (21.3368929 41.024615)
Масакр кај Пуста Кула,memorial,Pusta Kula Massacre,POINT (21.7360635 41.822914)
Св. Кирил и Методиј,memorial,Saints Cyril and Methodius,POINT (21.4339766 41.9977079)
Св. Климент Охридски и Наум Охридски Чудотворец,memorial,Saints Clement of Ohrid and Naum,POINT (21.4341509 41.9975624)
Цар Самоил,memorial,Tsar Samuel,POINT (21.4313414 41.9953917)
Даме Груев,memorial,Dame Gruev,POINT (21.4321474 41.9964949)
Јустинијан I,memorial,Justinian I,POINT (21.4323054 41.9968799)
Олимпија,memorial,Olympias,POINT (21.4344182 41.9979046)
Борка Талески-Модерното / Лазо Филиповски-Лавски,memorial,Borka Taleski / Lazo Filipovski,POINT (21.6749495 41.3661079)
Свети Наум,memorial,St. Naum,POINT (20.7412554 40.9142149)
Ботун,memorial,Botun,POINT (20.7836677 41.2788101)
Партизански Споменик,memorial,Partisan Monument,POINT (22.975027 41.9975082)
Теракота,memorial,Teracotta,POINT (22.5039935 41.8845661)
Никола Кукунешоски - Дунѓерски,memorial,Nikola Kukuneshoski - Dungjerski,POINT (20.6778868 41.1745272)
Крсте Јовановски,memorial,Krste Jovanovski,POINT (20.6779485 41.1747311)
Димче Кошаркоски,memorial,Dimche Kosharkoski,POINT (20.6779833 41.1749451)
Боро Шаин,memorial,Boro Shain,POINT (20.6782194 41.1756537)
Јово Стефановски - Риле,memorial,Jovo Stefanovski - Rile,POINT (20.6781791 41.1755185)
Разме Малески,memorial,Razme Maleski,POINT (20.6781416 41.1753893)
Петре Гончески - Гиле,memorial,Petre Goncheski - Gile,POINT (20.6781067 41.1752843)
Гоце Делчев,memorial,Goce Delchev,POINT (21.4323793 41.9963577)
Спомен плоча на Мајка Тереза,memorial,Mother Teresa Old House Place,POINT (21.4319995 41.9952759)
Ард ден Долард,memorial,Aard den Dolaard,POINT (20.8078335 41.1057278)
Методија Андонов - Ченто,memorial,Metodija Andonov - Chento,POINT (21.4306041 41.9957136)
Споменик на Малешевскиот (Малешки) народноослободителен одред,memorial,Monument of the People's Liberation Detachment of Maleshevo,POINT (22.6569551 41.7213441)
Коста Абраш,memorial,Kosta Abrash,POINT (20.795694 41.1120953)
Дабнички масакр,memorial,Masacre of Dabnica,POINT (21.5605466 41.3724643)
Ацо Ангеловски,memorial,Aco Angelovski,POINT (21.5476216 42.022416)
Кирил Петрушевски,memorial,Kiril Petrushevski,POINT (21.5480468 42.0225556)
Ерол Готак,memorial,Erol Gotak,POINT (21.5486015 42.0227044)
Нане Наумоски,memorial,Nane Naumoski,POINT (21.1660504 41.9764851)
Сашо Китаноски,memorial,Sasho Kitanoski,POINT (21.1773385 41.977847)
Бранко Секулоски,memorial,Branko Sekuloski,POINT (21.1679024 41.97753)
Горан Миноски,memorial,Goran Minoski,POINT (21.1745241 41.9781971)
Марко Деспотоски,memorial,Marko Despotoski,POINT (21.1713626 41.977893)
Ердован Шабаноски,memorial,Erdovan Shabanoski,POINT (21.1675604 41.9767167)
Љубе Грујоски,memorial,Ljube Grujoski,POINT (21.1694976 41.9772958)
Дарко Велјаноски,memorial,Darko Veljanoski,POINT (21.1717935 41.9770406)
Веби Рушитоски,memorial,Vebi Rushitoski,POINT (21.1747438 41.9767893)
Пеце Секулоски,memorial,Pece Sekuloski,POINT (21.1770879 41.977042)
Карпалак,memorial,Karpalak,POINT (21.6256855 41.3575814)
Масакр во Ваташа,memorial,Vatasha Massacre,POINT (22.0284286 41.4014262)
Св. Илија,memorial,St. Ilija,POINT (21.9386585 41.8627557)
Кире Гаврилоски-Јане / Круме Волнароски-Коља,memorial,Kire Gavriloski-Jane / Krume Volnaroski-Kolja,POINT (21.5629735 41.3464944)
Александар Македонски,memorial,Alexander The Great,POINT (21.5572532 41.3421058)
Мирослав Јоксимовиќ,memorial,Miroslav Joksimovikj,POINT (21.2464617 41.3761727)
Генерал Михајло Апостолски,memorial,General Mihajlo Apostolski,POINT (21.4506665 41.9988251)
Невена Георгиева-Дуња,memorial,Nevena Georgieva - Dunja,POINT (21.4332709 41.993726)
Нада Филева,memorial,Nada Fileva,POINT (20.798276 41.1141534)
Атентат на Киро Глигоров,memorial,Atentat of Kiro Gligorov,POINT (21.4296159 41.9918182)
Јаким Д. Стојковски,memorial,Jakim D. Stojkovski,POINT (22.1778987 42.0001506)
Нико Нестор-Џивџан,memorial,Niko Nestor-Dzhivdzhdan,POINT (20.6778798 41.1757975)
Споменик „Солунски атентатори и Гемиџии“,memorial,Solun Assassins and Gemidzhii,POINT (21.4328484 41.9964125)
Споменик на Цар Самуил,monument,Tsar Samuil,POINT (23.0302482 41.3948861)
Питу Гули,monument,Pitu Guli,POINT (21.433319 41.9936737)
Гоце Делчев,monument,Goce Delchev,POINT (21.4233737 42.0032812)
Костурница,monument,Kosturnica,POINT (22.0228463 41.4325212)
Мечкин Камен,monument,Mechkin Kamen,POINT (21.257898 41.3377228)
Слива,monument,Sliva,POINT (21.2273776 41.3880768)
Споменик на слободата,monument,Monument of Freedom,POINT (22.4069917 41.9188903)
Споменик на Револуцијата,monument,Monument of the Revolution,POINT (20.679835 41.1776616)
Манастир Св. Андреј,monument,Monastery St. Andrej,POINT (21.2991931 41.9505936)
Споменик на Александар Македонски,monument,Statue of Alexander the Great,POINT (21.4314474 41.9959035)
Филип Втори,monument,Phillip II,POINT (21.4617772 42.0017233)
Св. Архангел Михаил,monument,St. Archangel Mihail,POINT (20.6324791 41.1068913)
Куде сат,monument,Kude sat,POINT (21.7192303 42.1346962)
Народен Херој Кузман Јосифоски-Питу,monument,People's hero Kuzman Josifoski-Pitu,POINT (21.5519842 41.3451182)
Пеце Атанасоски,monument,Pece Atanasoski,POINT (21.554267 41.3451518)
Ѓорче Петров,monument,Gjorche Petrov,POINT (21.5522173 41.3452617)
Никола Карев,monument,Nikola Karev,POINT (21.2463296 41.3736665)
Споменик на Питу Гули,monument,Statue of Pitu Guli,POINT (21.2497316 41.3649692)
Наум Наумоски-Борче,monument,Naum Naumoski-Borche,POINT (21.2484409 41.3653856)
Два Коња,monument,Two Horses,POINT (22.5001795 41.1458586)
Преспанско Советување,monument,Prespansko Sovetuvanje,POINT (20.9119981 40.9765203)
Карпалак,monument,Karpalak,POINT (21.5564074 41.3475544)
Свети Климент Охридски,monument,Monument St. Clement Ohridski,POINT (20.7995376 41.1126936)
Свети Кирил и Методиј,monument,Monuments of Saints Cyril and Methodius,POINT (20.799994 41.1120476)
Свети Наум Охридски Чудотворец,monument,Monument to St. Naum of Ohrid,POINT (20.7990226 41.1122955)
Христо Узунов,monument,Hristo Uzunov,POINT (21.0770931 41.4182291)
Споменик на жртви од НОВ,monument,Monument to the victims of the People's Liberation War,POINT (20.9636151 41.9062629)
Александар Македонски,monument,Alexander The Great,POINT (21.5524989 41.3460556)
Методија Андонов-Ченто,monument,Metodija Andonov-Chento,POINT (21.5528281 41.3462544)
Св. Никола,monument,St. Nikola,POINT (21.553243 41.3462194)
Крипта,monument,Crypt,POINT (21.554646 41.3341123)
Итар Пејо,monument,Sly Peter,POINT (21.5548417 41.345456)
Гоце Делчев (Биста),monument,Goce Delchev (bust),POINT (22.7768724 41.9668611)
Гоце Делчев,monument,Goce Delchev,POINT (22.7742882 41.9643843)
Споменик на паднати борци во НОБ,monument,Monument to the fallen fighters of the People's Liberation War,POINT (22.7716387 41.9653801)
Кула,monument,Tower,POINT (22.7954411 41.9425359)
Леонид Јанков,monument,Leonid Jankov,POINT (22.5093733 41.139367)
Прометеј,monument,Prometheus,POINT (21.4337226 41.993303)
Тодор Александров,monument,Todor Aleksandrov,POINT (21.439106 41.9834333)
Стара Рампа,monument,Old Barrier,POINT (21.4369668 41.986749)
Бегова кула,monument,Bey's Tower,POINT (21.4317487 41.9936684)
Гоце Делчев,monument,Goce Delchev,POINT (22.7549207 41.4166941)
Споменик на загинатите евреи,monument,Monument to the fallen Jews,POINT (22.1903758 41.736405)
Мустафа-пашина џамија,monument,Murat Pasha Mosque,POINT (21.4375046 42.000853)
Споменик на Јуриј Гагарин,monument,Yuri Gagarin Monument,POINT (21.4108745 41.9949279)
Никола Карев,monument,Nikola Karev,POINT (21.4332009 41.9930188)
Вера Јоциќ,monument,Vera Jocik,POINT (21.4283664 42.0016804)
Марко Мрњавчевиќ,monument,Marko Mrnjavchevikj,POINT (21.5532375 41.3455416)
Круме Кепески,monument,Krume Kepeski,POINT (21.5505634 41.3450704)
Блаже Конески,monument,Blazhe Koneski,POINT (21.5506707 41.3451329)
Марко Цепенков,monument,Marko Cepenkov,POINT (21.5505581 41.3451792)
Споменик на убити от бандата на Георги Михов Димитров (ГЕМЕТО).,monument,Georgi Mihov Dimitrov Monument (GEMETO),POINT (22.6210684 42.1876409)
Споменик на слободата,monument,Monument of freedom,POINT (22.5006786 41.158263)
Борецот,monument,The Fighter,POINT (21.5025867 41.3738524)
Сергеј Есенин,monument,Sergey Esenin,POINT (20.6783749 41.1736526)
Емин-бегова кула,monument,Emin Bey Tower,POINT (22.1823517 42.0769461)
Крстева кула,monument,Krste's Tower,POINT (22.1826261 42.0768838)
Споменик „Солунски фронт“ од I светска војна,monument,World War I Salonica Front memorial,POINT (22.6878453 41.1949939)
Хаџикостова кула,monument,Hadji Kostov Tower,POINT (22.1822635 42.0768628)
Саат-кула,monument,Clock Tower,POINT (22.1818109 42.0792053)
Златковичева кула,monument,Zlatkovich Tower,POINT (22.1809805 42.0788289)
Симиќева кула,monument,Simikj Tower,POINT (22.1794714 42.0786957)
Љубе Грујоски,monument,Ljube Grujoski,POINT (21.3684104 41.2754595)
Споменик на Дојрана,monument,Dojrana Monument,POINT (22.7227512 41.1857198)
Чешма Света Петка,monument,Faucet St. Petka,POINT (22.7233826 41.1825947)
Струма невеста,monument,Struma Nevesta,POINT (22.8537781 42.2555372)
Толе Паша,monument,Tole Pasha,POINT (21.6536957 41.2064953)
Гоце Делчев,monument,Goce Delchev,POINT (20.9229426 41.4831122)
Христо Узунов,monument,Hristo Uzunov,POINT (20.9222623 41.483575)
Споменик Св. Никола,monument,Monument of St. Nicholas,POINT (21.942062 41.8646892)
Споменик „Лазар Колишевски“,monument,Lazar Kolishevski,POINT (21.9410121 41.8644645)
Споменик на Никола Карев,monument,Monument to Nikola Karev,POINT (22.412778 41.9156602)
Кица Петрески,monument,Kica Petreski,POINT (21.2488407 41.3653786)
Ослободителите на Скопје,monument,Monument to the Liberators of Skopje,POINT (21.4292436 41.9998632)
Вејце,monument,Vejtse,POINT (20.9185104 42.0673767)
Генерал Михаило Апостолски,monument,Mihailo Apostolski,POINT (21.4485415 41.9998618)
Фаќач на чесниот крст,monument,The Catcher of the Holy Cross,POINT (20.799333 41.1119818)
Павел Шатев,monument,Pavel Šatev,POINT (21.4326511 41.9945304)
Ѓоко Лазаревски,monument,Gjoko Lazarevski,POINT (21.0288552 42.0640097)
Браќата Просветители Св. Кирил и Методиј,monument,Ss. Cyril and Methodius,POINT (22.4105061 41.9135927)
Љупчо Сантов,monument,Ljupcho Santov,POINT (22.410612 41.9143473)
Питу Гули,tomb,Pitu Guli,POINT (21.2480535 41.3748344)
Тоше Проески,tomb,Toshe Proeski,POINT (21.2482546 41.3748686)
Григор Прличев,tomb,Grigor Prlicev grave,POINT (20.7958058 41.1142035)
Пере Тошев,tomb,Pere Toshev,POINT (21.5583071 41.3428704)
Теодорит,tomb,Teodorit,POINT (21.027212 42.0700178)
Кирил Пејчиновиќ-Тетоец,tomb,Kiril Pejchinovikj-Tetoec,POINT (21.0282911 42.0669654)
Братска гробница,tomb,Brother's Catacombs,POINT (21.4572557 41.204511)
Игуменија Катерина,tomb,Igumenija Katerina,POINT (21.6200758 41.4286415)
Библиотека Феткин,library,Fetkin Library,POINT (22.0124363 41.4340077)
Влез на Скопското кале,monument,Skopje Fortress Gate,POINT (21.4338778 42.0008716)
Споменик на Цар Самуил,monument,Tsar Samuil Monument,POINT (23.0302482 41.3948861)
Питу Гули,artwork,Pitu Guli,POINT (21.433319 41.9936737)
Гоце Делчев,artwork,Gotse Delchev,POINT (21.4233737 42.0032812)
Костурница,artwork,Kosturnica,POINT (22.0228463 41.4325212)
Мечкин Камен,artwork,Mechkin Kamen,POINT (21.257898 41.3377228)
Слива,artwork,Sliva,POINT (21.2273776 41.3880768)
Споменик на слободата,artwork,Monument of Freedom,POINT (22.4069917 41.9188903)
Споменик на Револуцијата,artwork,Monument of the Revolution,POINT (20.679835 41.1776616)
Тетовско Кале,artwork,Tetovo Fortress,POINT (20.960153 42.0195738)
Музеј на град Берово,artwork,Berovo Town Museum,POINT (22.8566138 41.7077548)
Библиотека Феткин,artwork,Fetkin Library,POINT (22.0124363 41.4340077)
Лихнид,artwork,Lychnidos,POINT (20.7914836 41.1155576)
Влез на Скопското кале,artwork,Skopje Fortress Gate,POINT (21.4338778 42.0008716)
Куршумли-ан,museum,Kurshumli-an,"POLYGON ((21.4367598 42.0032939, 21.4367753 42.0030971, 21.4367896 42.0029156, 21.4373291 42.002939, 21.4372994 42.0033173, 21.4367598 42.0032939), (21.4369104 42.0032027, 21.4371756 42.0032151, 21.437191 42.0030331, 21.4369259 42.0030207, 21.4369104 42.0032027))"
Музеј на современата уметност,museum,Contemporary Art Museum of Macedonia,"POLYGON ((21.4325172 42.0043142, 21.4325666 42.0041671, 21.4327569 42.0042024, 21.4327984 42.004079, 21.4326104 42.0040442, 21.43275 42.0036285, 21.4332925 42.0037291, 21.4331584 42.0041283, 21.4330514 42.0041084, 21.4330097 42.0042325, 21.4331234 42.0042536, 21.4330687 42.0044165, 21.4325172 42.0043142))"
Национална галерија „Даут-пашин амам“,museum,Daut Pasha Hamam National Gallery,"POLYGON ((21.4355586 41.998911, 21.4354288 41.9986787, 21.4358887 41.9985368, 21.4360185 41.9987691, 21.4355586 41.998911))"
Музеј на Македонија,museum,Museum of Macedonia,"POLYGON ((21.4363088 42.003194, 21.4360166 42.0031811, 21.4360182 42.0031614, 21.4359983 42.0031606, 21.4359201 42.0032112, 21.4357426 42.00306, 21.4358156 42.0030127, 21.435522 42.0027625, 21.4356538 42.0026771, 21.4355387 42.002579, 21.4357527 42.0024403, 21.4356769 42.0023757, 21.4360651 42.002124, 21.4361962 42.0022357, 21.4362774 42.0021831, 21.4363905 42.0022794, 21.4365227 42.0021937, 21.4366458 42.0022985, 21.4367776 42.002213, 21.4369057 42.0023221, 21.4367734 42.0024079, 21.4368897 42.0025069, 21.4367461 42.0026001, 21.4366296 42.002501, 21.4364947 42.0025885, 21.4363752 42.0024867, 21.4362416 42.0025734, 21.436116 42.0024664, 21.4359887 42.002549, 21.4360562 42.0026065, 21.4359258 42.0026911, 21.4360449 42.0027925, 21.4359153 42.0028765, 21.4360256 42.0029704, 21.4359525 42.0030178, 21.4360157 42.0030716, 21.4360334 42.0030724, 21.4360346 42.0030574, 21.4363187 42.0030699, 21.4363088 42.003194))"
Магаза,museum,Magaza gallery,"POLYGON ((21.3350427 41.0299956, 21.3351085 41.0298443, 21.3352067 41.0298686, 21.335141 41.0300199, 21.3350427 41.0299956))"
Спомен Костурница,museum,Kosturnica Memorial,"POLYGON ((21.7892333 41.7232436, 21.7892816 41.7232756, 21.789303 41.7232661, 21.7893164 41.7232536, 21.7892521 41.7231535, 21.7893379 41.7231235, 21.7894344 41.7231175, 21.7895069 41.7231435, 21.7895364 41.7231655, 21.7896091 41.7232376, 21.7897617 41.7233417, 21.7897214 41.7233857, 21.7896893 41.7234138, 21.7896383 41.7234158, 21.7895581 41.7234038, 21.7895337 41.7234318, 21.7894961 41.7234598, 21.789432 41.7234818, 21.7893542 41.7234838, 21.7892467 41.7234618, 21.7892738 41.7234298, 21.7892225 41.7233937, 21.7892121 41.7233097, 21.7892333 41.7232436))"
Музеј на македонската борба,museum,Museum of the Macedonian struggle,"POLYGON ((21.4329425 41.9982848, 21.4327371 41.9981391, 21.4333215 41.9976842, 21.4335269 41.9978299, 21.4332386 41.9980543, 21.4329425 41.9982848))"
Меморијален центар на холокаустот на Евреите од Македонија,museum,Holocaust Memorial Center for the Jews of Macedonia,"POLYGON ((21.4331205 41.9984101, 21.4332627 41.9982834, 21.433646 41.9985211, 21.4335037 41.9986478, 21.4331205 41.9984101))"
Музеј на Град Скопје,museum,Museum of the City of Skopje,"POLYGON ((21.4288883 41.9912181, 21.4287012 41.9909894, 21.4285987 41.9910357, 21.4285266 41.9909477, 21.4292717 41.9906108, 21.4294908 41.9908785, 21.4293057 41.9909621, 21.4293459 41.9910113, 21.4288883 41.9912181))"
Спомен куќа на Мајка Тереза,museum,Memorial House of Mother Teresa,"POLYGON ((21.4307694 41.9939282, 21.4307134 41.9937951, 21.4308694 41.9937589, 21.4308689 41.9937557, 21.4308695 41.9937525, 21.4308715 41.993747, 21.4308751 41.993742, 21.430879 41.993738, 21.4308849 41.9937347, 21.4308922 41.9937329, 21.4309002 41.9937327, 21.4309068 41.9937334, 21.4309124 41.9937351, 21.4309173 41.9937378, 21.4309213 41.9937409, 21.4309299 41.9937414, 21.4309395 41.9937423, 21.4309475 41.9937442, 21.4309553 41.9937471, 21.4309626 41.9937512, 21.4309682 41.9937561, 21.4309737 41.993763, 21.4309799 41.9937728, 21.4309848 41.9937832, 21.4309875 41.9937944, 21.4309851 41.9938053, 21.4309805 41.9938161, 21.4310047 41.9938735, 21.4307694 41.9939282))"
Музеј на НОВ,museum,Museum of the People's Liberation Army,"POLYGON ((21.2457177 41.3757107, 21.2456327 41.3756658, 21.2456584 41.3756384, 21.245621 41.3756186, 21.2456356 41.3756031, 21.245603 41.3755859, 21.2456805 41.3755033, 21.2457059 41.3755167, 21.2457199 41.3755018, 21.2457595 41.3755227, 21.2457806 41.3755003, 21.2458705 41.3755478, 21.2457177 41.3757107))"
Македониум,museum,Makedonium,"POLYGON ((21.248402 41.3775293, 21.2483536 41.3775307, 21.2483072 41.3775216, 21.2482701 41.3775052, 21.2482386 41.3774806, 21.2482205 41.3774566, 21.2482083 41.3774218, 21.2482089 41.3773912, 21.248217 41.3773666, 21.2482347 41.3773402, 21.2482592 41.3773185, 21.2482985 41.377298, 21.2483414 41.3772873, 21.2483663 41.3772854, 21.2483977 41.3772868, 21.2484598 41.3773046, 21.2484866 41.3773206, 21.2485117 41.3773445, 21.2485286 41.3773732, 21.2485345 41.377395, 21.2485344 41.3774223, 21.248524 41.3774535, 21.2485063 41.3774784, 21.2484793 41.377501, 21.2484459 41.377518, 21.248402 41.3775293))"
Залив на Коските,museum,Bay of Bones,"POLYGON ((20.7979124 40.9946609, 20.7977193 40.9944949, 20.7978588 40.9944058, 20.7978668 40.9943693, 20.7979768 40.9942944, 20.7979446 40.994256, 20.7980519 40.9941748, 20.7982718 40.9940533, 20.7985508 40.9943023, 20.7984757 40.9943592, 20.7981705 40.9945096, 20.7981322 40.9945322, 20.7979768 40.9946143, 20.7979124 40.9946609))"
Музеј на Илинденското востание и Крушевската Република,museum,Museum of the Ilinden Uprising and the Republic of Krushevo,"POLYGON ((21.2452388 41.3691154, 21.2452626 41.3689796, 21.245368 41.36899, 21.2453442 41.3691258, 21.2452388 41.3691154))"
Археолошки музеј на Македонија,museum,Archaeological Museum of Macedonia,"POLYGON ((21.4340186 41.9970517, 21.4341817 41.9969032, 21.4341495 41.9968594, 21.4344124 41.996676, 21.4344875 41.996688, 21.4346323 41.9966002, 21.4347879 41.9965245, 21.4348898 41.9965205, 21.4349649 41.9965723, 21.4349649 41.9966521, 21.434922 41.9967079, 21.4348254 41.9967318, 21.434686 41.9968036, 21.4344177 41.996977, 21.4343212 41.9970667, 21.4343104 41.9971305, 21.4342407 41.9971823, 21.4341495 41.9971983, 21.4340907 41.9971761, 21.4340691 41.9971664, 21.4340369 41.9971305, 21.4340186 41.9970517))"
Ел Калем,museum,Em Kalem,"POLYGON ((21.287509 41.987037, 21.2874623 41.9869433, 21.2876086 41.986892, 21.2877062 41.9868648, 21.2877631 41.9868844, 21.2878282 41.9868738, 21.2878485 41.986898, 21.2878485 41.9869297, 21.2878261 41.9869569, 21.287509 41.987037))"
Музеј Штип,museum,Shtip Museum,"POLYGON ((22.1894327 41.736621, 22.1894348 41.7365951, 22.1896388 41.7365213, 22.1896813 41.7365757, 22.1897237 41.7366301, 22.1898299 41.7366368, 22.1898556 41.7365498, 22.1900523 41.7365581, 22.1900358 41.7366957, 22.1900008 41.7367377, 22.1899302 41.7367321, 22.1899111 41.7367604, 22.1896883 41.7367349, 22.189541 41.7367818, 22.1894327 41.736621))"
Безистен Штип,museum,Shtip Bezisten,"POLYGON ((22.1924737 41.7375614, 22.1925072 41.7374964, 22.1925407 41.7374313, 22.1926199 41.7374459, 22.1929247 41.7375186, 22.1928558 41.7376645, 22.1924737 41.7375614))"
Бегов амам,museum,Bey's Hamam,"POLYGON ((20.967434 42.0061214, 20.9675068 42.0062127, 20.9673057 42.0064021, 20.9671926 42.0063446, 20.967434 42.0061214))"
Народен Музеј,museum,Folk Museum,"POLYGON ((21.9418167 41.8649413, 21.9419399 41.864921, 21.9419967 41.8651123, 21.9418734 41.8651325, 21.9418167 41.8649413))"
Ловен Дом,museum,Hunting House,"POLYGON ((22.4138306 41.9150435, 22.4139013 41.9151498, 22.4137531 41.9152044, 22.4136824 41.915098, 22.4138306 41.9150435))"
Леарница,museum,Foundry,"POLYGON ((21.246667 41.3722171, 21.2465975 41.3721739, 21.2466498 41.3721265, 21.2467193 41.3721696, 21.246667 41.3722171))"
1. Бригада,museum,1st Brigade,"POLYGON ((20.6485817 41.3660204, 20.648564 41.3659436, 20.64869 41.3659272, 20.6487077 41.366004, 20.6485817 41.3660204))"
Спомен-дом Блаже Конески,museum,Blazhe Koneski Memorial House,"POLYGON ((21.5583418 41.4493541, 21.5583906 41.4492115, 21.5585233 41.4492371, 21.5584744 41.4493796, 21.5583418 41.4493541))"
Музеј на Битола,museum,Museum of Bitola,"POLYGON ((21.3359067 41.0234533, 21.3360302 41.0235972, 21.336058 41.0235836, 21.3361293 41.0236669, 21.3361028 41.0236798, 21.3362254 41.0238229, 21.3354101 41.0242208, 21.3352928 41.0240839, 21.3352618 41.024099, 21.3351749 41.0239978, 21.3352038 41.0239837, 21.3351742 41.0239492, 21.3353617 41.0238577, 21.3355047 41.0240243, 21.3359359 41.0238137, 21.3357916 41.0236456, 21.3351761 41.0239462, 21.3350938 41.0238503, 21.3359067 41.0234533))"
Меморијален музеј Народен херој Кузман Јосифоски-Питу,museum,People's hero Kuzman Josifoski-Pitu Memorial museum,"POLYGON ((21.5597305 41.3424673, 21.5597957 41.3424936, 21.5597314 41.3425836, 21.5596662 41.3425573, 21.5597305 41.3424673))"
Музеј,museum,Museum,"POLYGON ((21.5591038 41.3429261, 21.5593459 41.3425906, 21.5596833 41.3427279, 21.5594411 41.3430634, 21.5591038 41.3429261))"
Goce Delchev Memorial House,museum,Goce Delchev Memorial House,"POLYGON ((21.3320703 41.0268197, 21.3322727 41.0267755, 21.3323445 41.0269753, 21.3321459 41.0270152, 21.3320703 41.0268197))"
Mémorial de Bitola,museum,Bitola Memorial,"POLYGON ((21.3585444 41.0410392, 21.3586639 41.0410383, 21.3586665 41.0411312, 21.3585463 41.0411339, 21.3585444 41.0410392))"
Спомен-куќа на Татарчеви,museum,Tatarchev House,"POLYGON ((21.0137165 41.0884486, 21.013729 41.0882865, 21.0139077 41.0882944, 21.0138952 41.0884565, 21.0137165 41.0884486))"
Природонаучен Музеј,museum,Macedonian Museum of Natural History,POINT (21.4174425 42.005709)
Музеј на град Берово,museum,Berovo Town Museum,POINT (22.8566138 41.7077548)
Музеј Галерија Кавадарци,museum,Muzej Galerija Kavadarci,POINT (22.0163228 41.4343634)
Куќа на Робевци,museum,Robev Family House,POINT (20.7961416 41.112361)
Museum Teracotta,museum,Teracotta Museum,POINT (22.5049622 41.8841902)
Музеј на Дојран,museum,Dojran Museum,POINT (22.7221034 41.1871817)
Museum of Wine,museum,Museum of Wine,POINT (22.2447656 41.4085959)
Д-р Никола Незлобински,museum,Dr Nikola Nezlobinski,POINT (20.6776078 41.1805738)
Спомен куќа на Страшо Пинџур,museum,Memorial house - Strasho Pindjur,POINT (22.0181317 41.4184594)
City Museum,museum,City Museum,POINT (22.3348959 42.2020133)
Музеј на град Делчево,museum,City Museum,POINT (22.7729986 41.9664768)
Eтнолошки музеј,museum,Ethnographic museum,POINT (21.0506131 41.0240503)
Museum of Galichnik's cultural heritage,museum,Museum of Galichnik's cultural heritage,POINT (20.652723 41.5939237)
Galerija RA,museum,Gallery RA,POINT (21.3865879 41.9989569)
Museum Strumica,museum,Museum Strumica,POINT (22.6364291 41.4354106)
Vardarski Rid,museum,Vardarski Rid,POINT (22.5220207 41.1488082)
House of Lambeski,museum,House of Lambeski,POINT (20.7970433 41.1123275)
Спомен куќа на Страшо Пинџур,museum,Memorial house - Strasho Pindjur,POINT (22.0181317 41.4184594)
Музеј на град Делчево,museum,Delchevo City Museum ,POINT (22.7729986 41.9664768)
Галерија на икони,museum,Icon Gallery,POINT (20.7952385 41.1143378)
Eтнолошки музеј,museum,Ethnographic museum,POINT (21.0506131 41.0240503)
